model,test_f1,test_accuracy,test_precision,test_recall,cv_f1_mean
XGBoost,1.0,1.0,1.0,1.0,0.9770502598347605
RandomForest,0.9733216299606342,0.9884393063583815,0.9875,0.962219598583235,0.9411962313871467
ANN,0.9510161443494778,0.976878612716763,0.9578948825875055,0.9490617038463928,0.9309095588256013
SVM_RBF,0.9335254137115839,0.9479768786127167,0.9037467700258398,0.9723792953458025,0.9103206184106114
KNN_(K=3),0.8619321522611653,0.9364161849710982,0.9051418439716312,0.8381672155595601,0.824993325514569
SVM_Linear,0.7140431108258452,0.8034682080924855,0.646954986760812,0.850975579444479,0.7140038208551809
NaiveBayes,0.47858837108228236,0.7109826589595376,0.6136217948717948,0.5975812465046915,0.4313901344318637
