model,unknown_f1,unknown_accuracy
XGBoost,0.2503507789274759,0.5304736842105263
ANN,0.2501073076503541,0.5326421052631579
RandomForest,0.25009335506721486,0.5275894736842105
KNN_K3,0.24958041071755474,0.5279052631578948
SVM_RBF,0.2493396679877259,0.5077684210526315
SVM_Linear,0.24548447558123407,0.46914736842105265
NaiveBayes,0.22257768896026967,0.5012315789473685
