model,unknown_f1,unknown_accuracy,unknown_precision,unknown_recall
XGBoost,0.2503507789274759,0.5304736842105263,0.25045962182514564,0.25048810481193684
ANN,0.2501073076503541,0.5326421052631579,0.2501967042332463,0.2501949605769038
RandomForest,0.25009335506721486,0.5275894736842105,0.2502691935749222,0.25028483404147034
KNN_K3,0.24958041071755474,0.5279052631578948,0.2498415163502899,0.24976244054836566
SVM_RBF,0.2493396679877259,0.5077684210526315,0.25042282305128083,0.25049978003551937
SVM_Linear,0.24548447558123407,0.46914736842105265,0.2502362202616424,0.2507134956684013
NaiveBayes,0.22257768896026967,0.5012315789473685,0.24895163592253794,0.24946586187925335
